customer_state,product_category_name_english,total_revenue,items_sold
SP,bed_bath_table,472238.07,5157
SP,health_beauty,453916.48,4125
SP,watches_gifts,421268.6,2232
SP,sports_leisure,374975.89,3574
SP,computers_accessories,340933.97000000003,3098
SP,furniture_decor,277597.46,3452
SP,housewares,269656.6,3184
SP,auto,209231.14,1715
SP,cool_stuff,208602.89,1339
SP,toys,179898.56,1673
RJ,watches_gifts,174895.01,846
SP,perfumery,162425.7,1444
MG,health_beauty,154324.15,1064
SP,baby,151003.33,1230
SP,garden_tools,148146.58,1532
RJ,bed_bath_table,144251.79,1605
RJ,health_beauty,140236.35,1028
MG,bed_bath_table,128760.49,1322
MG,watches_gifts,121622.03,626
RJ,sports_leisure,120255.01,1015
RJ,computers_accessories,117079.86,976
MG,sports_leisure,109949.81,945
MG,computers_accessories,109078.38,981
SP,office_furniture,106707.96,655
SP,telephony,99026.97,1612
RJ,furniture_decor,95538.54000000001,1057
SP,pet_shop,88485.89,889
SP,stationery,87663.64,1044
RJ,cool_stuff,79944.31,501
MG,furniture_decor,77479.11,934
MG,housewares,74910.8,814
RJ,housewares,74080.42,845
RJ,toys,72654.04,570
MG,auto,71514.15,499
RJ,garden_tools,71076.86,634
MG,cool_stuff,69900.74,454
SP,small_appliances,68095.46,295
SP,musical_instruments,67625.41,260
RJ,auto,64400.51,431
SP,computers,61993.270000000004,59
RS,bed_bath_table,59906.96,610
MG,garden_tools,59728.62,602
SP,construction_tools_construction,59559.53,422
SP,consoles_games,59481.65,472
PR,sports_leisure,57653.3,476
PR,watches_gifts,57287.2,299
MG,toys,57080.4,488
SP,luggage_accessories,56677.01,451
SP,fashion_bags_accessories,56099.5,841
RS,furniture_decor,53774.9,555
PR,health_beauty,53730.23,414
RJ,perfumery,52992.36,439
RS,computers_accessories,52380.04,481
SP,electronics,51567.58,994
RS,sports_leisure,51286.72,467
RS,health_beauty,50596.19,427
BA,health_beauty,49955.12,340
PR,furniture_decor,49202.11,516
RS,watches_gifts,47837.73,230
MG,baby,47510.13,366
MG,perfumery,47316.25,396
BA,watches_gifts,45631.52,225
PR,bed_bath_table,45396.67,463
RJ,office_furniture,45212.32,301
RS,cool_stuff,44042.49,259
PR,computers_accessories,43486.34,383
SC,sports_leisure,41579.03,356
RJ,baby,41115.71,347
PE,health_beauty,40685.01,233
SC,health_beauty,39260.73,304
RS,housewares,38365.95,429
PR,cool_stuff,37452.32,214
BA,sports_leisure,37010.06,286
RJ,telephony,36328.35,417
SC,computers_accessories,36058.43,309
MG,telephony,34020.27,474
SP,home_appliances,33608.8,341
SC,watches_gifts,33230.33,184
RS,garden_tools,33156.71,281
SP,home_construction,33154.73,264
BA,computers_accessories,32635.83,250
DF,watches_gifts,32292.27,146
SP,home_appliances_2,32284.87,87
MG,pet_shop,31987.34,250
SC,furniture_decor,31861.14,347
CE,health_beauty,31544.5,162
GO,watches_gifts,31486.93,142
RJ,stationery,31215.93,319
PR,housewares,31162.61,336
PE,watches_gifts,30894.88,163
SC,bed_bath_table,30889.12,326
DF,health_beauty,29542.82,242
BA,auto,29112.71,155
CE,watches_gifts,29025.35,134
RJ,small_appliances,29019.41,85
RJ,home_appliances_2,28822.51,45
RS,toys,28674.56,208
SC,cool_stuff,28498.8,159
MG,office_furniture,28150.24,167
ES,watches_gifts,28074.0,149
GO,health_beauty,27971.3,227
SC,auto,27089.99,178
SP,home_confort,26949.84,201
PR,auto,26848.1,228
SC,housewares,26674.56,257
RS,baby,25955.03,205
SP,agro_industry_and_commerce,25864.55,94
RS,auto,25741.170000000002,184
RJ,electronics,25525.21,430
BA,bed_bath_table,24949.53,254
RJ,pet_shop,24756.21,211
MG,musical_instruments,24679.69,77
MG,stationery,24506.7,269
BA,garden_tools,23974.510000000002,177
DF,computers_accessories,23853.44,156
SC,garden_tools,23779.34,183
PA,health_beauty,23545.84,105
SP,kitchen_dining_laundry_garden_furniture,23361.87,137
PR,toys,23227.21,202
BA,furniture_decor,23121.170000000002,247
MG,fashion_bags_accessories,23052.11,259
MG,luggage_accessories,22651.66,182
ES,bed_bath_table,22589.65,223
SP,furniture_living_room,22583.24,200
DF,sports_leisure,22467.28,218
SP,air_conditioning,22358.14,136
GO,bed_bath_table,22285.61,231
RJ,computers,21931.45,21
PA,watches_gifts,21635.82,73
PR,baby,21254.55,158
BA,computers,21043.99,25
MG,computers,20973.0,19
MG,electronics,20811.49,295
PR,garden_tools,20608.95,207
RJ,construction_tools_construction,20563.25,119
BA,telephony,20162.55,241
BA,cool_stuff,20142.26,140
RS,perfumery,20122.45,151
ES,sports_leisure,20086.2,173
RJ,musical_instruments,20062.26,77
ES,health_beauty,20038.5,163
MG,consoles_games,19582.97,130
GO,sports_leisure,19231.55,163
SP,books_general_interest,19152.05,223
PE,sports_leisure,18245.510000000002,140
RS,telephony,18218.63,283
SP,industry_commerce_and_business,18191.7,127
SP,construction_tools_lights,17894.16,141
RJ,fixed_telephony,17890.79,33
MG,construction_tools_construction,17730.69,120
SP,audio,17518.59,144
GO,cool_stuff,17492.22,93
DF,auto,17258.54,106
MG,small_appliances,17143.19,64
SC,baby,16878.47,113
BA,housewares,16585.98,154
RJ,furniture_living_room,16520.36,115
RJ,consoles_games,16403.55,136
SP,small_appliances_home_oven_and_coffee,16285.4,33
RJ,fashion_bags_accessories,16256.8,199
DF,bed_bath_table,16147.720000000001,206
PR,perfumery,15833.32,153
PB,health_beauty,15692.08,76
RJ,air_conditioning,15596.3,67
SC,toys,15563.35,118
RS,small_appliances,15317.7,45
SP,food,15289.82,283
MT,health_beauty,15241.8,89
BA,baby,15071.63,94
GO,garden_tools,15033.47,117
MT,watches_gifts,15006.91,61
PR,office_furniture,14827.44,88
GO,housewares,14733.300000000001,129
SP,art,14613.04,91
RJ,luggage_accessories,14597.68,119
ES,computers_accessories,14424.18,150
BA,toys,14350.14,113
PE,cool_stuff,14245.52,79
BA,office_furniture,14225.83,92
SP,construction_tools_safety,14098.57,64
GO,computers_accessories,13828.33,123
SC,perfumery,13821.65,116
RN,health_beauty,13728.98,57
PR,telephony,13273.279999999999,250
PB,watches_gifts,13102.98,41
SP,fixed_telephony,12989.93,111
PE,computers_accessories,12982.91,106
ES,furniture_decor,12912.72,145
DF,housewares,12842.46,153
RS,stationery,12750.02,147
AL,health_beauty,12681.26,62
MA,health_beauty,12668.279999999999,88
PA,sports_leisure,12298.65,81
MA,computers_accessories,12152.83,67
MG,agro_industry_and_commerce,12126.49,21
DF,cool_stuff,12095.99,78
GO,furniture_decor,12032.0,123
DF,furniture_decor,12020.81,151
CE,cool_stuff,11925.42,49
ES,auto,11831.37,84
CE,auto,11806.3,58
AL,watches_gifts,11605.02,35
CE,computers_accessories,11551.97,87
ES,housewares,11509.46,112
PA,computers_accessories,11391.41,86
DF,toys,11336.86,95
GO,auto,11309.26,98
MS,health_beauty,11231.58,64
PR,stationery,11053.09,126
PE,auto,10934.36,79
ES,cool_stuff,10909.83,66
RS,pet_shop,10897.71,97
MS,housewares,10861.74,39
DF,small_appliances,10846.06,22
RS,home_appliances_2,10800.18,12
DF,computers,10786.99,7
PE,telephony,10559.96,127
ES,garden_tools,10491.63,102
SC,telephony,10471.62,169
ES,toys,10458.460000000001,96
PR,small_appliances,10458.289999999999,41
CE,sports_leisure,10360.72,91
RS,office_furniture,10226.58,66
PR,musical_instruments,10210.59,36
PI,health_beauty,10205.2,53
MT,auto,10087.42,54
RN,watches_gifts,10052.42,48
PI,auto,10017.38,33
GO,perfumery,9977.88,88
SP,furniture_bedroom,9946.06,52
PA,baby,9882.75,44
DF,perfumery,9800.7,85
SP,market_place,9767.73,115
MS,computers_accessories,9738.8,62
BA,perfumery,9723.01,81
MA,watches_gifts,9712.99,59
BA,musical_instruments,9630.4,32
GO,baby,9500.07,52
RJ,audio,9360.35,58
SC,office_furniture,9299.17,60
DF,garden_tools,9247.14,60
PR,construction_tools_construction,9200.82,51
PR,electronics,9177.11,177
PE,bed_bath_table,9143.62,90
MS,sports_leisure,9097.19,74
PE,furniture_decor,9019.380000000001,94
SC,pet_shop,9018.0,85
ES,telephony,8973.45,114
SP,drinks,8878.17,205
MT,computers_accessories,8873.15,55
PA,furniture_decor,8868.06,69
RJ,home_appliances,8795.16,79
SC,stationery,8658.01,93
DF,baby,8621.37,69
PR,small_appliances_home_oven_and_coffee,8590.0,8
RS,computers,8546.89,8
RJ,agro_industry_and_commerce,8540.98,27
CE,furniture_decor,8507.34,83
MA,sports_leisure,8428.87,65
PE,toys,8411.4,61
SE,health_beauty,8396.67,38
MG,home_construction,8383.4,63
RS,electronics,8378.81,165
ES,baby,8346.05,61
CE,perfumery,8302.84,55
SC,electronics,8282.460000000001,123
RS,consoles_games,8217.49,58
ES,fixed_telephony,8213.78,9
PR,pet_shop,8209.24,89
RS,fashion_bags_accessories,8172.47,80
MG,home_confort,8097.59,57
ES,computers,8058.0,3
PA,telephony,8037.41,77
RJ,home_confort,7954.87,61
PE,computers,7946.98,9
PR,fashion_bags_accessories,7906.38,118
SC,small_appliances,7902.04,27
SP,signaling_and_security,7895.2300000000005,94
MT,garden_tools,7848.58,51
GO,toys,7809.07,81
CE,toys,7793.3099999999995,64
PI,watches_gifts,7736.18,41
MG,furniture_living_room,7678.38,47
MT,sports_leisure,7671.03,73
AL,computers_accessories,7605.61,39
PA,auto,7571.57,49
RS,home_construction,7497.72,43
SP,costruction_tools_garden,7448.9400000000005,96
RS,musical_instruments,7436.73,31
SC,musical_instruments,7406.45,25
RJ,kitchen_dining_laundry_garden_furniture,7358.34,46
MT,cool_stuff,7343.62,45
BA,stationery,7196.15,75
PB,computers_accessories,7195.08,53
SP,books_technical,7169.79,111
MS,auto,7142.65,26
PB,computers,7128.0,4
MT,bed_bath_table,7125.58,70
CE,computers,7096.79,6
RO,health_beauty,7085.76,25
MA,cool_stuff,7080.41,32
RJ,home_construction,6987.78,71
CE,housewares,6958.06,56
CE,telephony,6912.59,92
MT,baby,6831.63,33
CE,bed_bath_table,6800.79,81
MA,computers,6786.98,5
SP,costruction_tools_tools,6786.25,33
RS,luggage_accessories,6770.05,55
PE,garden_tools,6764.53,64
BA,fashion_bags_accessories,6745.89,76
SP,fashion_shoes,6688.71,89
PR,computers,6676.98,4
MG,construction_tools_safety,6653.26,24
ES,perfumery,6577.55,68
MT,furniture_decor,6568.94,75
PE,perfumery,6509.03,48
PA,cool_stuff,6454.0,46
PE,musical_instruments,6410.5,11
MG,home_appliances_2,6376.78,19
PR,luggage_accessories,6358.05,50
SC,home_appliances_2,6292.38,16
SP,food_drink,6271.36,129
MG,construction_tools_lights,6267.15,41
MS,watches_gifts,6251.9,37
BA,electronics,6182.13,107
RS,home_appliances,6141.38,44
RJ,costruction_tools_garden,6093.25,38
SC,computers,6069.98,5
DF,telephony,6049.54,91
GO,telephony,5984.15,120
CE,garden_tools,5980.84,55
SC,fashion_bags_accessories,5958.37,76
MS,cool_stuff,5943.89,25
SC,luggage_accessories,5866.87,34
MT,toys,5857.16,44
PR,home_appliances,5824.3,44
MS,furniture_decor,5819.66,65
MS,bed_bath_table,5746.71,64
PA,garden_tools,5718.42,37
SE,cool_stuff,5686.67,17
BA,pet_shop,5655.67,61
PR,consoles_games,5648.82,44
PE,agro_industry_and_commerce,5611.92,5
PB,garden_tools,5590.009999999999,15
PE,consoles_games,5572.24,19
RS,construction_tools_construction,5529.75,43
MG,audio,5529.09,34
PI,sports_leisure,5525.79,33
RJ,drinks,5524.82,53
ES,stationery,5503.36,50
PB,cool_stuff,5458.16,25
MG,home_appliances,5437.62,85
RN,telephony,5303.29,25
MA,auto,5291.16,39
MA,baby,5249.38,26
ES,musical_instruments,5247.38,21
ES,office_furniture,5172.8,30
TO,sports_leisure,5144.32,25
PE,housewares,5101.72,58
MS,garden_tools,5095.07,22
PR,home_appliances_2,5009.820000000001,15
PI,computers_accessories,4978.02,35
MA,telephony,4977.03,64
SC,construction_tools_construction,4976.8,30
PE,baby,4939.41,41
TO,watches_gifts,4920.89,29
DF,pet_shop,4917.71,39
PR,agro_industry_and_commerce,4903.53,12
TO,health_beauty,4798.99,36
SC,small_appliances_home_oven_and_coffee,4754.9,4
CE,office_furniture,4716.76,28
GO,pet_shop,4692.63,28
MG,small_appliances_home_oven_and_coffee,4668.38,10
MS,baby,4610.22,31
PA,housewares,4595.21,37
BA,construction_tools_construction,4594.7,36
AL,auto,4578.54,22
GO,stationery,4553.84,48
CE,baby,4548.24,31
PA,perfumery,4480.28,35
PE,stationery,4471.6900000000005,47
MG,books_general_interest,4470.5199999999995,54
MA,furniture_decor,4445.37,45
PB,furniture_decor,4441.71,42
AL,telephony,4434.16,27
RO,watches_gifts,4428.27,14
SC,consoles_games,4387.53,34
MA,perfumery,4386.59,30
MG,air_conditioning,4379.11,20
DF,stationery,4358.19,45
CE,small_appliances,4356.29,7
PI,baby,4293.09,12
SE,furniture_decor,4231.39,25
RN,auto,4222.61,19
SP,fashion_male_clothing,4195.4800000000005,54
TO,computers_accessories,4147.219999999999,20
PB,auto,4141.27,22
BA,fixed_telephony,4131.82,12
RN,sports_leisure,4101.37,22
PB,sports_leisure,4094.74,31
SE,computers_accessories,4052.9,36
RJ,books_general_interest,4043.4300000000003,50
MA,bed_bath_table,3964.63,36
MG,kitchen_dining_laundry_garden_furniture,3886.46,29
PA,office_furniture,3885.25,26
SC,home_construction,3878.12,25
BA,small_appliances,3871.96,18
BA,consoles_games,3848.32,34
MT,musical_instruments,3818.7,6
PI,toys,3808.8,28
RN,cool_stuff,3800.28,21
PI,bed_bath_table,3777.75,34
PA,toys,3731.64,27
MT,office_furniture,3720.77,20
MA,office_furniture,3715.64,23
AL,sports_leisure,3697.78,32
CE,electronics,3693.0,45
PI,garden_tools,3642.85,16
MT,housewares,3640.5,52
CE,consoles_games,3631.5499999999997,15
AL,furniture_decor,3588.4900000000002,30
RS,furniture_living_room,3582.95,24
MS,musical_instruments,3582.5,7
GO,computers,3559.9700000000003,5
MS,toys,3557.77,34
SP,fashion_underwear_beach,3520.95,53
PE,office_furniture,3519.57,20
PA,bed_bath_table,3506.54,38
MT,small_appliances,3502.9,8
PB,bed_bath_table,3494.59,32
PI,cool_stuff,3490.87,20
MA,musical_instruments,3477.05,10
ES,fashion_bags_accessories,3465.14,48
PR,kitchen_dining_laundry_garden_furniture,3439.09,14
TO,cool_stuff,3429.41,16
RJ,furniture_bedroom,3408.96,19
PB,toys,3408.07,16
RN,stationery,3403.01,13
PA,small_appliances,3366.25,9
PR,air_conditioning,3353.81,12
RJ,small_appliances_home_oven_and_coffee,3332.09,6
PB,industry_commerce_and_business,3321.97,3
PA,computers,3319.0,4
SE,garden_tools,3318.63,27
CE,luggage_accessories,3316.6,23
RN,bed_bath_table,3311.44,30
MG,fashion_shoes,3304.28,43
ES,electronics,3286.14,78
CE,musical_instruments,3261.67,7
RJ,construction_tools_lights,3257.91,21
RN,furniture_decor,3241.48,29
MT,construction_tools_construction,3215.88,7
RO,sports_leisure,3212.88,19
GO,office_furniture,3161.9300000000003,22
MA,toys,3161.42,22
RS,agro_industry_and_commerce,3155.9300000000003,9
DF,fashion_bags_accessories,3148.09,44
PB,telephony,3147.52,26
RS,industry_commerce_and_business,3147.49,23
RJ,industry_commerce_and_business,3126.6,28
MT,telephony,3124.75,63
GO,fashion_bags_accessories,3120.7,44
MT,stationery,3113.16,28
BA,luggage_accessories,3084.93,30
RO,toys,3079.0499999999997,15
SC,home_appliances,3048.5099999999998,25
CE,stationery,3034.43,37
SE,sports_leisure,3027.52,33
RS,home_confort,2991.89,21
RJ,art,2934.25,32
PR,books_general_interest,2933.35,36
MT,signaling_and_security,2919.3999999999996,6
DF,office_furniture,2917.75,18
MT,pet_shop,2906.3,15
SE,watches_gifts,2896.0,20
MT,computers,2889.99,2
PA,electronics,2875.88,28
PE,pet_shop,2864.78,23
SP,dvds_blu_ray,2852.7599999999998,21
SC,construction_tools_safety,2850.64,13
RN,perfumery,2844.69,20
PR,audio,2841.27,18
MT,perfumery,2837.13,30
MG,market_place,2825.05,33
RJ,food,2808.31,47
RN,garden_tools,2801.3199999999997,18
PI,telephony,2786.7200000000003,35
DF,luggage_accessories,2776.85,24
AM,health_beauty,2776.03,20
PR,home_construction,2748.11,24
RJ,construction_tools_safety,2736.43,17
DF,home_appliances_2,2733.9,5
RJ,food_drink,2705.6,50
ES,construction_tools_construction,2696.38,12
AL,consoles_games,2683.08,7
GO,home_construction,2668.35,13
BA,home_construction,2654.23,14
CE,home_appliances_2,2653.9,3
RJ,market_place,2611.84,34
GO,small_appliances,2594.88,10
PE,construction_tools_construction,2593.77,12
BA,home_appliances,2588.89,37
PB,electronics,2573.4300000000003,13
MS,pet_shop,2569.92,25
RN,computers_accessories,2561.28,31
ES,luggage_accessories,2553.48,16
RS,books_general_interest,2540.85,28
DF,musical_instruments,2532.6,10
GO,costruction_tools_tools,2529.5,7
CE,fashion_bags_accessories,2506.84,27
PI,housewares,2506.09,19
RO,computers,2499.9,2
PA,stationery,2496.81,22
BA,furniture_living_room,2494.4300000000003,20
DF,electronics,2458.04,51
SP,tablets_printing_image,2449.76,32
PB,housewares,2443.7,23
RO,cool_stuff,2440.14,13
SP,books_imported,2439.5099999999998,36
TO,auto,2418.84,16
RS,fixed_telephony,2402.76,19
PB,perfumery,2402.07,18
AL,cool_stuff,2401.04,15
GO,consoles_games,2386.84,22
MA,housewares,2384.76,24
BA,construction_tools_safety,2355.93,6
PI,computers,2349.99,3
AL,home_appliances_2,2345.0,2
RN,baby,2334.39,15
SE,telephony,2330.92,27
PB,home_appliances,2310.0,2
RJ,signaling_and_security,2305.64,19
MG,costruction_tools_garden,2302.13,29
RN,pet_shop,2301.68,13
RJ,fashion_shoes,2301.21,28
BA,agro_industry_and_commerce,2257.0,5
RS,construction_tools_lights,2252.53,24
RS,audio,2245.2,16
SE,auto,2209.98,20
AL,pet_shop,2195.9,3
MS,construction_tools_safety,2185.89,2
PR,construction_tools_safety,2184.5099999999998,18
TO,baby,2179.63,7
ES,pet_shop,2171.08,26
PE,fashion_bags_accessories,2169.0299999999997,33
ES,home_construction,2148.7000000000003,15
SP,christmas_supplies,2143.98,50
BA,market_place,2135.69,4
SC,furniture_living_room,2131.37,12
PB,stationery,2130.18,18
PA,fashion_bags_accessories,2102.54,31
SP,music,2093.25,12
RO,computers_accessories,2081.57,23
PB,small_appliances,2068.3599999999997,4
MG,food,2063.09,37
PR,construction_tools_lights,2061.88,13
DF,consoles_games,2053.34,27
AP,computers_accessories,2050.0299999999997,8
AL,computers,2049.99,2
DF,audio,2048.23,16
SP,furniture_mattress_and_upholstery,2039.2,21
MG,furniture_bedroom,2038.8,6
RO,baby,2038.49,10
ES,consoles_games,2027.26,20
PA,consoles_games,2013.73,14
RO,small_appliances_home_oven_and_coffee,1999.0,1
TO,small_appliances_home_oven_and_coffee,1999.0,1
TO,furniture_decor,1996.19,17
CE,costruction_tools_garden,1988.0,8
AM,garden_tools,1980.88,5
PA,pet_shop,1979.88,11
RS,market_place,1978.53,21
GO,audio,1974.88,7
RS,kitchen_dining_laundry_garden_furniture,1969.6,13
RN,toys,1964.52,25
PR,furniture_living_room,1960.6100000000001,16
MA,garden_tools,1946.47,23
MA,fashion_bags_accessories,1944.8400000000001,25
SP,cine_photo,1943.92,30
AL,bed_bath_table,1930.14,19
SC,fixed_telephony,1916.88,7
MG,food_drink,1913.9,26
MG,books_technical,1901.03,29
BA,home_appliances_2,1894.78,5
PE,electronics,1894.74,38
SC,books_general_interest,1890.22,23
RN,housewares,1882.55,25
MG,drinks,1865.6,25
TO,toys,1864.1499999999999,13
PB,fixed_telephony,1845.79,5
PB,baby,1842.58,12
AM,computers_accessories,1815.74,16
SE,bed_bath_table,1812.17,15
TO,perfumery,1804.93,13
DF,home_appliances,1802.43,15
CE,construction_tools_construction,1793.06,10
AL,perfumery,1766.66,12
PR,books_technical,1764.45,15
AM,watches_gifts,1755.35,10
PA,musical_instruments,1733.3700000000001,10
RO,bed_bath_table,1732.27,15
SE,consoles_games,1731.99,6
MS,stationery,1728.0,22
MS,perfumery,1721.1,24
MG,costruction_tools_tools,1720.05,18
MS,construction_tools_construction,1715.01,14
SE,musical_instruments,1714.8000000000002,3
PI,perfumery,1695.67,15
AC,sports_leisure,1677.46,9
MG,industry_commerce_and_business,1675.96,17
RN,construction_tools_construction,1655.57,8
RN,consoles_games,1654.96,6
AP,watches_gifts,1639.8,8
PR,home_confort,1637.1000000000001,13
PE,luggage_accessories,1635.2600000000002,13
GO,luggage_accessories,1632.77,12
RJ,books_technical,1621.68,29
CE,home_appliances,1611.0,6
ES,books_general_interest,1594.8500000000001,11
SC,audio,1592.57,10
AL,garden_tools,1588.18,13
BA,small_appliances_home_oven_and_coffee,1574.9,3
BA,costruction_tools_garden,1569.39,8
SP,party_supplies,1565.89,17
RO,furniture_decor,1545.18,13
PI,consoles_games,1540.5900000000001,8
GO,home_appliances_2,1537.9,3
MG,fashion_male_clothing,1536.73,20
SC,home_confort,1536.29,11
MA,furniture_living_room,1519.9,4
PA,luggage_accessories,1515.63,7
MS,electronics,1513.02,22
PR,food,1505.45,27
CE,home_construction,1501.85,8
SC,construction_tools_lights,1499.16,16
SE,small_appliances,1486.7,3
AL,agro_industry_and_commerce,1476.3,1
MS,telephony,1475.69,28
GO,musical_instruments,1472.84,9
SC,industry_commerce_and_business,1470.8799999999999,16
MA,stationery,1455.89,20
RN,fashion_bags_accessories,1455.79,8
PR,drinks,1449.32,15
SC,market_place,1448.69,14
ES,home_confort,1448.28,11
SE,baby,1447.49,8
GO,agro_industry_and_commerce,1440.3899999999999,5
RN,home_appliances_2,1439.9,2
AP,computers,1437.0,1
RN,books_general_interest,1432.6,27
BA,audio,1430.69,14
GO,industry_commerce_and_business,1428.1399999999999,7
DF,furniture_living_room,1405.6599999999999,7
PI,pet_shop,1396.78,7
RS,signaling_and_security,1392.45,17
TO,fixed_telephony,1390.99,2
AC,watches_gifts,1389.6,4
RO,auto,1389.16,10
AC,health_beauty,1386.58,7
PI,musical_instruments,1381.6,6
GO,furniture_living_room,1381.57,10
AP,health_beauty,1380.58,10
RO,construction_tools_construction,1374.5,4
MG,art,1366.54,18
MS,luggage_accessories,1365.63,9
AM,sports_leisure,1362.6,12
RJ,fashion_underwear_beach,1359.47,17
PI,furniture_decor,1359.32,19
CE,books_general_interest,1353.05,7
RR,sports_leisure,1350.6,8
RS,air_conditioning,1344.3899999999999,13
PE,home_construction,1341.65,7
AM,computers,1340.0,1
SP,fashio_female_clothing,1335.17,26
MA,consoles_games,1331.53,6
MT,consoles_games,1330.49,9
DF,kitchen_dining_laundry_garden_furniture,1323.8,5
AC,furniture_decor,1316.44,12
ES,furniture_living_room,1302.32,13
MA,home_appliances,1297.8,3
RO,perfumery,1291.3,6
PI,electronics,1276.94,21
DF,industry_commerce_and_business,1272.0,6
TO,telephony,1268.1200000000001,21
SE,housewares,1267.48,10
MG,christmas_supplies,1256.34,18
RN,office_furniture,1244.72,5
MG,fixed_telephony,1244.6,17
AC,computers_accessories,1238.5,8
GO,construction_tools_construction,1233.1599999999999,11
TO,office_furniture,1226.54,6
AP,auto,1216.3899999999999,3
PI,office_furniture,1212.6100000000001,8
TO,garden_tools,1206.3,13
MA,luggage_accessories,1202.43,9
AC,computers,1200.0,1
SE,computers,1200.0,1
TO,computers,1200.0,1
ES,audio,1197.78,14
DF,books_general_interest,1196.89,16
PB,office_furniture,1191.33,10
RO,luggage_accessories,1181.6,6
BA,home_confort,1170.4,11
GO,music,1165.97,1
GO,books_general_interest,1162.69,14
ES,home_appliances_2,1149.99,3
PE,fashion_shoes,1149.6000000000001,10
CE,pet_shop,1141.04,13
MT,luggage_accessories,1139.5900000000001,8
ES,books_technical,1138.6,14
MG,,1133.9,2
PI,stationery,1129.6,10
PR,industry_commerce_and_business,1127.97,11
ES,home_appliances,1120.96,15
RS,costruction_tools_tools,1113.4,8
GO,home_confort,1110.5,8
PA,agro_industry_and_commerce,1109.98,2
SC,cine_photo,1106.8899999999999,4
AC,telephony,1103.96,5
MG,party_supplies,1103.0,5
SE,toys,1100.29,11
RO,office_furniture,1087.8600000000001,6
DF,construction_tools_construction,1085.94,11
MT,home_construction,1085.28,7
SE,electronics,1083.94,18
RJ,costruction_tools_tools,1072.68,9
GO,signaling_and_security,1071.3400000000001,6
MG,fashion_underwear_beach,1070.8,18
SC,agro_industry_and_commerce,1069.98,3
PR,fashion_shoes,1067.02,18
PB,luggage_accessories,1066.49,7
MT,construction_tools_safety,1063.5900000000001,4
PR,fashion_male_clothing,1061.28,12
PB,fashion_bags_accessories,1061.08,14
SP,diapers_and_hygiene,1058.8899999999999,30
AL,toys,1053.07,12
PE,kitchen_dining_laundry_garden_furniture,1051.88,4
PB,signaling_and_security,1050.0,6
AL,construction_tools_construction,1045.0,1
MS,fashion_bags_accessories,1030.58,14
ES,tablets_printing_image,1026.79,4
RS,drinks,1025.95,17
GO,fashion_shoes,1022.3,7
MT,home_appliances,1022.29,8
RJ,furniture_mattress_and_upholstery,1019.99,8
MS,home_construction,1019.0,7
RJ,music,1017.85,8
TO,home_appliances_2,1016.98,3
ES,construction_tools_lights,1012.3,9
TO,bed_bath_table,1010.83,10
AL,office_furniture,1009.8399999999999,7
PB,musical_instruments,1007.8,4
AL,luggage_accessories,999.36,6
PE,costruction_tools_garden,995.54,6
MT,electronics,985.66,26
GO,construction_tools_lights,985.0,5
PA,,979.0,1
RS,,979.0,1
RO,pet_shop,975.53,8
PE,home_confort,970.4000000000001,8
RS,costruction_tools_garden,967.0799999999999,6
PE,home_appliances_2,959.99,2
PB,home_construction,959.25,5
RR,home_appliances,954.1800000000001,3
RR,baby,949.9,1
DF,fashion_shoes,944.59,7
GO,air_conditioning,940.89,7
SP,fashion_sport,939.8000000000001,12
BA,food,932.55,15
PR,market_place,928.9399999999999,15
TO,housewares,926.17,13
SC,books_technical,917.34,9
RS,books_technical,913.56,12
ES,food,911.19,13
RJ,tablets_printing_image,907.79,10
SP,arts_and_craftmanship,906.25,16
MS,construction_tools_lights,904.98,9
CE,audio,902.89,5
BA,books_general_interest,902.7,14
BA,art,898.95,10
ES,air_conditioning,898.8,6
SC,drinks,891.91,14
SE,home_construction,884.95,3
CE,construction_tools_safety,882.63,5
PI,industry_commerce_and_business,874.3,3
PB,consoles_games,873.38,7
SE,furniture_living_room,870.99,3
SE,perfumery,868.72,7
RJ,fashion_male_clothing,867.48,10
BA,fashion_male_clothing,863.9,8
SC,christmas_supplies,863.12,13
ES,signaling_and_security,859.9,6
GO,electronics,854.75,33
MG,tablets_printing_image,851.7,10
BA,fashion_shoes,851.5,7
MA,pet_shop,846.44,10
BA,air_conditioning,832.86,6
ES,market_place,828.78,7
PE,construction_tools_safety,826.1800000000001,3
RS,cine_photo,821.5799999999999,12
PI,home_construction,820.5999999999999,4
AP,sports_leisure,812.69,7
SC,furniture_bedroom,803.0,3
DF,home_construction,793.64,7
DF,construction_tools_lights,788.0,4
PB,pet_shop,786.48,8
PE,small_appliances,781.89,3
ES,fashion_shoes,780.3,5
SE,construction_tools_construction,779.9,1
MS,home_appliances_2,769.69,4
AM,telephony,766.0,15
MG,signaling_and_security,754.45,11
AM,home_construction,753.4,4
SC,fashion_shoes,750.1,7
MT,small_appliances_home_oven_and_coffee,750.0,1
MS,small_appliances_home_oven_and_coffee,750.0,1
DF,small_appliances_home_oven_and_coffee,750.0,1
MA,books_imported,749.0,1
SC,food,747.44,16
BA,construction_tools_lights,744.06,6
RS,fashion_shoes,742.8000000000001,10
MS,office_furniture,739.77,4
SP,,736.31,8
MT,food,734.4,7
MA,audio,733.88,3
AL,fixed_telephony,731.87,4
AL,furniture_living_room,729.79,3
SP,la_cuisine,729.0,6
AL,baby,728.77,7
BA,signaling_and_security,725.8399999999999,6
AM,auto,723.9,6
RO,stationery,723.6,8
AM,toys,721.5600000000001,7
BA,books_technical,720.52,10
SC,kitchen_dining_laundry_garden_furniture,714.48,7
MA,home_construction,713.76,5
BA,christmas_supplies,703.21,10
PA,christmas_supplies,701.4000000000001,6
AM,fashion_bags_accessories,699.99,1
AM,stationery,698.99,6
AC,baby,697.84,3
RS,food,688.92,12
MT,home_confort,687.8,4
MA,home_confort,685.9,2
MG,music,683.3299999999999,6
AM,bed_bath_table,681.2,8
MT,cine_photo,675.99,1
PR,art,673.92,8
DF,books_technical,672.8,5
MA,market_place,672.2800000000001,9
PE,food_drink,672.01,5
MT,audio,671.8,4
AP,bed_bath_table,669.5,6
ES,small_appliances,668.75,3
BA,furniture_bedroom,667.0,4
MT,market_place,662.24,5
MT,kitchen_dining_laundry_garden_furniture,660.0,3
AM,baby,657.69,5
AL,stationery,655.01,8
PR,food_drink,653.48,16
MT,construction_tools_lights,649.99,3
PR,costruction_tools_garden,648.59,6
PE,small_appliances_home_oven_and_coffee,640.99,1
PA,home_appliances,639.75,9
AM,cool_stuff,638.88,4
AC,books_general_interest,633.8,2
BA,fashion_underwear_beach,632.8,5
RO,fashion_bags_accessories,632.49,9
AL,home_construction,630.75,3
PI,luggage_accessories,630.59,5
AC,garden_tools,629.0,2
DF,signaling_and_security,626.03,4
GO,construction_tools_safety,622.4,7
RO,telephony,620.0899999999999,17
SC,signaling_and_security,612.5,10
RR,bed_bath_table,609.6999999999999,3
AP,electronics,607.55,4
MT,home_appliances_2,605.89,2
PE,food,603.55,8
CE,furniture_living_room,602.98,2
RJ,christmas_supplies,602.33,14
AL,housewares,600.36,9
PB,costruction_tools_garden,599.9,1
SC,air_conditioning,599.6,4
PI,home_appliances_2,599.5,1
TO,home_confort,599.0,1
MS,computers,599.0,1
GO,home_appliances,596.6800000000001,13
AP,agro_industry_and_commerce,589.99,1
PB,construction_tools_safety,589.9,8
BA,costruction_tools_tools,589.7,5
RS,fashion_male_clothing,588.89,8
MT,air_conditioning,585.8,5
PA,fixed_telephony,577.99,1
RS,art,576.4399999999999,8
PA,audio,568.0,1
SP,,567.99,3
AC,bed_bath_table,567.7,4
DF,art,565.79,6
MG,furniture_mattress_and_upholstery,561.49,3
PR,music,558.6,7
CE,market_place,558.35,4
RO,garden_tools,555.4,7
BA,food_drink,550.42,8
AL,audio,550.09,5
MS,fashion_shoes,546.0,4
PA,fashion_shoes,542.4,4
AC,auto,540.98,4
AL,air_conditioning,540.0,1
AM,home_appliances_2,540.0,1
SE,market_place,533.8,3
MT,agro_industry_and_commerce,530.0,2
AC,stationery,528.9,2
RJ,cine_photo,528.6,5
MS,agro_industry_and_commerce,526.89,3
RO,housewares,525.97,5
PE,books_general_interest,523.58,7
DF,home_confort,521.5,7
DF,construction_tools_safety,520.1800000000001,3
MT,furniture_living_room,519.88,3
RR,furniture_decor,518.1,4
ES,costruction_tools_tools,513.99,4
AC,housewares,513.0600000000001,4
DF,food,511.08,9
RR,health_beauty,510.71000000000004,6
DF,furniture_bedroom,510.0,1
SE,office_furniture,506.93,3
BA,tablets_printing_image,505.8,6
PI,home_confort,498.89,3
SC,costruction_tools_tools,495.6,5
RS,small_appliances_home_oven_and_coffee,494.9,3
SC,la_cuisine,494.0,2
AP,housewares,490.49,4
ES,costruction_tools_garden,489.8,5
MG,arts_and_craftmanship,488.78000000000003,6
PA,construction_tools_construction,487.89,2
AC,electronics,487.55,4
PA,market_place,485.15999999999997,5
RS,christmas_supplies,484.90000000000003,6
MT,fashion_shoes,478.5,3
MG,fashio_female_clothing,475.68,7
MT,fashion_bags_accessories,475.46999999999997,13
PB,furniture_living_room,472.88,3
MT,furniture_bedroom,469.8,2
PI,air_conditioning,468.9,3
MS,consoles_games,468.07,6
DF,air_conditioning,468.0,3
SE,fashion_bags_accessories,466.5,8
BA,industry_commerce_and_business,465.0,5
GO,fashion_underwear_beach,457.7,5
SP,home_comfort_2,456.78000000000003,14
CE,agro_industry_and_commerce,452.9,6
RN,home_construction,452.6,1
MS,dvds_blu_ray,448.8,3
CE,air_conditioning,446.15999999999997,2
ES,fashion_male_clothing,445.8,3
ES,agro_industry_and_commerce,442.3,2
MS,fashion_underwear_beach,441.9,3
PE,audio,441.79,4
AM,musical_instruments,439.0,1
SP,flowers,438.67,11
PE,industry_commerce_and_business,438.0,2
RR,computers_accessories,437.79999999999995,4
RN,home_appliances,434.25,2
RS,la_cuisine,428.99,3
AM,consoles_games,423.29999999999995,2
PB,market_place,422.8,3
SC,art,422.19,6
MS,furniture_living_room,418.8,3
RJ,books_imported,413.78,5
DF,costruction_tools_garden,410.70000000000005,5
RN,musical_instruments,409.79999999999995,2
GO,fixed_telephony,409.78000000000003,6
PB,kitchen_dining_laundry_garden_furniture,409.0,1
AM,housewares,408.69000000000005,4
RJ,dvds_blu_ray,402.15999999999997,12
BA,drinks,401.29,5
GO,food,398.46,7
RS,fashion_underwear_beach,397.8,3
AM,luggage_accessories,390.8,3
GO,drinks,385.57,7
MS,food,384.26,4
MA,electronics,382.89,13
AM,pet_shop,374.79,4
PE,christmas_supplies,372.45,4
CE,fixed_telephony,369.79,4
SC,fashion_underwear_beach,367.2,8
AL,musical_instruments,367.0,1
PA,tablets_printing_image,361.79,4
GO,christmas_supplies,361.70000000000005,3
RS,party_supplies,359.6,4
MS,signaling_and_security,358.0,1
RN,food_drink,356.05,4
SP,cds_dvds_musicals,350.0,6
TO,luggage_accessories,349.79999999999995,2
AC,luggage_accessories,348.9,2
CE,food,348.69,5
CE,home_confort,346.6,4
AL,fashion_shoes,346.41999999999996,3
RN,electronics,340.17,12
PE,construction_tools_lights,339.98,2
RO,construction_tools_safety,339.9,1
RN,kitchen_dining_laundry_garden_furniture,339.9,2
TO,pet_shop,332.3,4
TO,fashion_bags_accessories,331.39,8
GO,costruction_tools_garden,330.7,5
TO,consoles_games,328.7,4
DF,market_place,326.71000000000004,4
MG,cine_photo,325.89,5
AL,electronics,325.65999999999997,13
PI,agro_industry_and_commerce,318.98,3
PR,party_supplies,317.6,2
BA,cine_photo,314.85,3
AP,cool_stuff,314.0,2
PE,books_technical,313.39,4
DF,christmas_supplies,311.2,8
ES,food_drink,311.0,7
DF,food_drink,310.79,4
PI,fixed_telephony,310.0,2
GO,art,309.58,3
PB,costruction_tools_tools,309.0,1
PE,furniture_living_room,308.8,3
GO,fashion_male_clothing,308.6,3
PI,home_appliances,308.5,4
GO,market_place,307.15,12
GO,kitchen_dining_laundry_garden_furniture,305.76,4
AP,telephony,304.78000000000003,4
AC,perfumery,303.88,3
MT,books_technical,301.28999999999996,5
PI,costruction_tools_garden,300.3,4
RN,luggage_accessories,299.9,1
RS,music,299.0,1
MA,books_general_interest,299.0,3
AP,toys,297.84000000000003,3
PI,tablets_printing_image,297.0,3
PI,construction_tools_lights,297.0,1
AC,fashion_shoes,295.6,2
AP,musical_instruments,293.9,2
PR,cine_photo,293.6,2
DF,drinks,292.37,5
CE,food_drink,291.86,4
RJ,party_supplies,291.5,6
RR,office_furniture,289.9,1
SE,luggage_accessories,289.7,3
SC,arts_and_craftmanship,289.49,1
MT,industry_commerce_and_business,281.0,3
MS,small_appliances,280.31,6
SP,fashion_childrens_clothes,279.97,4
PR,fixed_telephony,279.68,6
TO,stationery,276.8,3
AC,consoles_games,276.14,1
PE,market_place,274.96,4
TO,construction_tools_lights,274.0,2
PR,signaling_and_security,271.79,3
AP,furniture_decor,270.8,3
SE,furniture_bedroom,269.98,2
MG,dvds_blu_ray,268.78,4
RS,construction_tools_safety,267.41,5
PR,costruction_tools_tools,266.98,8
RN,small_appliances,266.98,3
MG,la_cuisine,266.0,2
MG,books_imported,265.87,6
PR,fashion_underwear_beach,265.58,6
MG,fashion_sport,264.9,2
MA,small_appliances,262.9,2
RO,home_appliances,261.58,2
RJ,,259.98,2
SC,party_supplies,258.9,2
PA,fashion_male_clothing,256.89,2
CE,books_technical,256.0,3
RJ,flowers,255.60000000000002,8
MS,home_appliances,252.45,6
SE,industry_commerce_and_business,252.0,3
RN,furniture_bedroom,252.0,3
MA,construction_tools_lights,250.0,1
PR,tablets_printing_image,250.0,3
PA,home_construction,249.79999999999998,2
CE,fashion_shoes,249.70000000000002,3
PA,cine_photo,249.7,3
DF,furniture_mattress_and_upholstery,249.0,1
RS,food_drink,249.0,6
RN,furniture_mattress_and_upholstery,249.0,1
CE,industry_commerce_and_business,248.0,2
TO,furniture_living_room,246.2,2
RO,electronics,245.25,6
RR,perfumery,244.0,1
AP,garden_tools,239.99,2
PI,audio,239.7,4
PE,home_appliances,237.65,5
AP,stationery,234.9,2
AC,toys,234.79000000000002,3
SC,costruction_tools_garden,234.2,5
AP,fixed_telephony,232.94,6
DF,party_supplies,231.2,1
PI,party_supplies,231.2,1
MS,books_general_interest,231.0,2
SE,construction_tools_lights,230.0,1
RO,home_confort,229.0,1
AL,fashion_bags_accessories,228.7,4
PB,construction_tools_construction,226.9,1
RS,cds_dvds_musicals,225.0,5
PI,art,221.98,2
CE,construction_tools_lights,219.9,1
AL,market_place,219.9,3
RR,auto,219.9,1
PI,furniture_living_room,219.8,2
SE,home_confort,219.0,1
RS,,219.0,1
RR,watches_gifts,219.0,1
PI,food_drink,215.56,1
AM,furniture_decor,215.28,4
RR,garden_tools,210.0,2
PI,fashion_bags_accessories,208.8,4
SE,stationery,208.8,3
MA,fashion_sport,205.9,1
GO,fashio_female_clothing,204.8,2
TO,books_technical,204.6,2
PE,fashion_underwear_beach,201.9,2
BA,kitchen_dining_laundry_garden_furniture,201.9,3
MS,drinks,199.96,4
PI,fashion_shoes,199.7,1
TO,fashion_shoes,199.7,1
RN,fashion_shoes,199.7,1
MA,air_conditioning,199.0,1
AL,industry_commerce_and_business,199.0,1
PE,tablets_printing_image,198.0,2
MS,tablets_printing_image,198.0,2
GO,books_technical,196.65,3
RJ,diapers_and_hygiene,194.9,2
MS,audio,190.9,1
AM,home_appliances,190.8,2
PR,christmas_supplies,190.16,6
MT,costruction_tools_tools,190.0,1
PE,costruction_tools_tools,190.0,1
AL,food,189.9,1
RN,audio,189.0,1
ES,drinks,186.94,3
PE,air_conditioning,186.9,1
RS,furniture_bedroom,185.0,1
AM,office_furniture,184.8,2
PB,books_general_interest,184.69,5
RO,security_and_services,183.29,1
PA,fashion_underwear_beach,181.7,3
MS,costruction_tools_garden,180.99,2
AM,market_place,180.0,1
PA,furniture_living_room,179.99,1
MS,furniture_bedroom,179.0,1
TO,audio,175.0,1
SE,pet_shop,172.54,3
PA,books_general_interest,171.69,5
MS,books_technical,170.85,4
SE,signaling_and_security,169.98,2
PA,art,169.89,2
RO,fashion_shoes,169.79,1
SC,fashion_sport,169.75,3
RN,costruction_tools_garden,163.7,3
CE,christmas_supplies,159.8,2
PA,fashion_sport,159.6,4
GO,furniture_bedroom,159.0,1
RS,dvds_blu_ray,153.6,4
MA,tablets_printing_image,152.99,1
PI,fashion_underwear_beach,152.0,1
CE,drinks,150.47,3
RN,industry_commerce_and_business,150.0,1
RO,market_place,149.99,1
CE,music,149.9,1
AM,food,149.9,1
PI,food,149.9,1
PA,signaling_and_security,149.7,3
PA,books_technical,148.89,2
RO,art,148.64,2
TO,electronics,148.28,7
MT,fashion_male_clothing,147.5,1
DF,fashion_underwear_beach,146.15,2
AP,art,145.89,2
AL,kitchen_dining_laundry_garden_furniture,144.0,2
TO,home_appliances,143.75,1
PB,fashion_shoes,143.64,2
CE,kitchen_dining_laundry_garden_furniture,140.0,1
RO,furniture_living_room,139.9,1
PA,costruction_tools_garden,139.9,1
RO,christmas_supplies,138.9,2
RN,construction_tools_safety,138.9,1
GO,la_cuisine,137.0,1
RS,books_imported,136.89,2
ES,industry_commerce_and_business,136.0,2
SE,books_general_interest,135.0,1
PI,books_general_interest,133.9,1
AM,costruction_tools_garden,132.8,2
MS,art,129.99,1
MG,,129.99,1
PE,,129.99,1
RR,cool_stuff,129.98,2
PA,books_imported,129.98,2
DF,fashio_female_clothing,129.9,1
RJ,fashion_sport,129.8,2
RN,market_place,129.8,2
DF,arts_and_craftmanship,129.49,1
TO,kitchen_dining_laundry_garden_furniture,129.0,1
PB,food,126.9,2
ES,christmas_supplies,126.22,2
MA,industry_commerce_and_business,125.0,1
BA,fashion_sport,124.88999999999999,2
AL,home_appliances,123.75,2
PR,books_imported,121.99000000000001,2
DF,dvds_blu_ray,120.78999999999999,3
PI,books_technical,120.0,2
SE,home_appliances_2,119.99,1
SE,food_drink,119.9,1
SC,furniture_mattress_and_upholstery,119.7,2
GO,cine_photo,119.0,1
MS,market_place,118.89,2
MA,christmas_supplies,116.9,1
ES,fashio_female_clothing,115.0,1
PE,art,110.99,1
PB,art,110.99,1
ES,fashion_underwear_beach,110.0,1
RJ,fashion_childrens_clothes,110.0,1
RS,home_comfort_2,109.99,1
PB,fashio_female_clothing,109.8,2
PE,flowers,109.8,2
MA,books_technical,105.78999999999999,3
PA,drinks,105.0,1
PR,dvds_blu_ray,104.5,5
MA,food_drink,103.99000000000001,2
PI,market_place,102.89,2
RR,telephony,100.43,4
RO,costruction_tools_garden,100.37,2
DF,security_and_services,100.0,1
AC,cool_stuff,99.99,1
DF,cine_photo,99.95,1
RO,small_appliances,99.9,1
ES,furniture_bedroom,99.9,1
GO,tablets_printing_image,99.0,1
RS,tablets_printing_image,99.0,1
RO,food,98.99,1
PR,diapers_and_hygiene,97.0,2
MG,flowers,96.29,5
ES,cine_photo,94.9,1
AM,perfumery,94.89,2
CE,costruction_tools_tools,93.0,1
SC,food_drink,90.69999999999999,3
MA,fixed_telephony,90.0,1
RJ,cds_dvds_musicals,90.0,2
PI,drinks,90.0,1
BA,fashion_childrens_clothes,89.99,1
MS,industry_commerce_and_business,89.9,1
RN,home_confort,89.9,1
AM,audio,89.9,1
PR,fashio_female_clothing,89.9,2
AC,fashion_bags_accessories,89.9,1
AL,home_confort,89.9,1
SC,fashion_male_clothing,89.89,2
PE,fixed_telephony,89.88,3
AM,air_conditioning,89.0,1
RO,agro_industry_and_commerce,88.0,4
AM,books_general_interest,87.0,1
MS,home_confort,86.9,1
PB,home_confort,86.9,1
AP,consoles_games,85.95,1
GO,furniture_mattress_and_upholstery,85.0,1
RJ,,83.9,1
SE,home_appliances,80.0,1
RN,art,79.99,1
TO,home_construction,79.9,1
RO,industry_commerce_and_business,79.9,1
MT,christmas_supplies,79.9,1
AC,furniture_living_room,79.9,1
PB,audio,79.0,1
SE,construction_tools_safety,77.9,1
ES,flowers,77.89,2
PE,signaling_and_security,77.8,2
BA,books_imported,77.0,1
RS,flowers,75.6,3
RN,signaling_and_security,75.0,1
DF,fixed_telephony,72.97999999999999,3
MT,art,69.99,1
SE,fixed_telephony,69.98,2
RN,food,69.9,2
AC,christmas_supplies,69.9,1
TO,industry_commerce_and_business,69.0,1
RN,books_technical,65.0,1
MA,cds_dvds_musicals,65.0,1
BA,fashio_female_clothing,64.9,1
PA,food_drink,64.6,1
GO,home_comfort_2,64.5,5
PR,furniture_bedroom,63.300000000000004,7
TO,market_place,62.8,1
AC,market_place,62.8,1
ES,party_supplies,62.5,2
AL,books_general_interest,61.0,2
CE,diapers_and_hygiene,60.0,1
PB,agro_industry_and_commerce,59.99,1
MA,fashion_male_clothing,59.9,1
SE,books_imported,59.89,1
AP,pet_shop,59.8,2
AM,electronics,58.95,4
AM,art,58.35,1
RJ,fashio_female_clothing,54.9,1
AC,small_appliances,54.0,1
RJ,home_comfort_2,51.6,4
MT,tablets_printing_image,50.8,2
DF,music,50.35,1
AM,tablets_printing_image,50.0,1
MA,construction_tools_construction,49.99,1
ES,art,49.9,1
PR,fashion_sport,49.9,1
MA,cine_photo,49.8,1
PE,cine_photo,49.8,1
PA,kitchen_dining_laundry_garden_furniture,48.9,1
ES,kitchen_dining_laundry_garden_furniture,48.0,1
AM,drinks,47.49,1
PB,diapers_and_hygiene,47.0,1
RO,books_general_interest,44.99,1
SC,dvds_blu_ray,44.8,2
MT,books_general_interest,44.5,2
AL,food_drink,44.06,1
GO,party_supplies,43.8,2
MG,diapers_and_hygiene,43.0,1
RR,stationery,39.99,1
SC,fashion_childrens_clothes,39.99,1
RO,musical_instruments,39.9,1
MG,home_comfort_2,38.7,3
TO,musical_instruments,36.9,1
AC,musical_instruments,36.9,1
PB,air_conditioning,35.9,1
MS,christmas_supplies,35.599999999999994,2
MT,fashio_female_clothing,34.99,1
PE,dvds_blu_ray,34.8,2
MS,fixed_telephony,32.99,1
TO,books_general_interest,32.9,1
MS,flowers,31.2,1
CE,fashion_male_clothing,29.99,1
CE,tablets_printing_image,29.99,1
PA,construction_tools_lights,29.0,1
MA,fashion_shoes,27.9,1
RR,electronics,27.3,2
PA,costruction_tools_tools,27.0,1
PI,dvds_blu_ray,25.0,1
RS,fashion_sport,24.99,1
DF,fashion_sport,24.99,1
GO,flowers,24.99,1
SC,books_imported,24.95,1
AL,dvds_blu_ray,24.9,1
RO,dvds_blu_ray,24.9,1
BA,,21.52,1
AM,fixed_telephony,19.99,1
RO,consoles_games,19.9,1
GO,dvds_blu_ray,19.9,1
SC,fashio_female_clothing,19.9,1
RN,christmas_supplies,19.83,1
MT,drinks,19.49,1
MS,food_drink,18.6,1
SE,food,18.45,1
RN,dvds_blu_ray,16.9,1
AM,music,16.1,1
AL,drinks,15.49,1
BA,home_comfort_2,12.9,1
ES,home_comfort_2,12.9,1
PR,home_comfort_2,12.9,1
MS,costruction_tools_tools,6.8,1
